{
  "yellow": {
    "x": 0.011551295904720461,
    "y": 2.756158518200808,
    "z": -1.1846758164629068
  },
  "green": {
    "x": -1.15023349512259,
    "y": 0.02198252365950915,
    "z": 1.6519928881652888
  },
  "blue": {
    "x": 0.07235593469605518,
    "y": 1.3826475273882834,
    "z": 1.6555493836916026
  },
  "brown": {
    "x": -0.023737109143088055,
    "y": -0.9918116509254029,
    "z": -1.0943184458237571
  },
  "red": {
    "x": 0.10990954169815766,
    "y": 0.5411107372283412,
    "z": -2.5745281762203143
  }
}